IP 地址,国家,地区,城市
IP 地址,已发送,已接收,丢包率,平均延迟,下载速度 (MB/s),未知,未知,未知
104.19.245.29,4,4,0.00,155.03,0.00,未知,未知,未知
104.19.251.169,4,4,0.00,155.64,0.00,未知,未知,未知
104.18.127.135,4,4,0.00,157.36,0.00,未知,未知,未知
104.18.59.200,4,4,0.00,157.39,0.00,未知,未知,未知
104.16.125.10,4,4,0.00,158.01,0.00,未知,未知,未知
104.19.249.173,4,4,0.00,158.15,0.00,未知,未知,未知
104.16.120.137,4,4,0.00,158.55,0.00,未知,未知,未知
162.159.254.47,4,4,0.00,158.73,0.00,未知,未知,未知
104.19.243.240,4,4,0.00,159.00,0.00,未知,未知,未知
162.159.251.139,4,4,0.00,160.25,0.00,未知,未知,未知
